id,Bound
0,1
1,1
2,1
3,1
4,0
5,0
6,1
7,0
8,1
9,0
10,1
11,0
12,0
13,1
14,0
15,0
16,0
17,1
18,1
19,1
20,0
21,1
22,0
23,1
24,1
25,0
26,1
27,0
28,0
29,0
30,0
31,0
32,1
33,0
34,0
35,1
36,0
37,0
38,0
39,0
40,0
41,1
42,0
43,1
44,1
45,0
46,1
47,1
48,0
49,0
50,0
51,0
52,0
53,1
54,1
55,0
56,0
57,1
58,1
59,0
60,1
61,1
62,0
63,0
64,0
65,1
66,1
67,0
68,1
69,1
70,1
71,0
72,1
73,1
74,0
75,0
76,0
77,1
78,0
79,1
80,0
81,0
82,1
83,1
84,1
85,0
86,1
87,1
88,1
89,0
90,0
91,1
92,0
93,0
94,0
95,1
96,1
97,1
98,0
99,0
100,0
101,0
102,0
103,0
104,1
105,0
106,0
107,0
108,0
109,0
110,0
111,1
112,1
113,0
114,1
115,0
116,1
117,1
118,0
119,1
120,1
121,1
122,1
123,0
124,0
125,1
126,1
127,1
128,1
129,0
130,0
131,1
132,1
133,1
134,0
135,0
136,1
137,0
138,0
139,0
140,1
141,0
142,0
143,1
144,1
145,1
146,0
147,0
148,0
149,1
150,1
151,0
152,1
153,0
154,1
155,1
156,0
157,0
158,0
159,1
160,0
161,1
162,0
163,1
164,1
165,0
166,1
167,1
168,0
169,1
170,1
171,1
172,0
173,1
174,1
175,1
176,0
177,0
178,1
179,1
180,0
181,1
182,1
183,0
184,0
185,1
186,0
187,0
188,0
189,0
190,0
191,0
192,0
193,0
194,0
195,0
196,1
197,1
198,0
199,0
200,1
201,0
202,0
203,1
204,0
205,1
206,1
207,1
208,0
209,1
210,0
211,0
212,1
213,0
214,1
215,1
216,0
217,1
218,1
219,0
220,1
221,0
222,1
223,0
224,0
225,1
226,0
227,0
228,1
229,1
230,0
231,0
232,0
233,1
234,1
235,1
236,1
237,0
238,0
239,1
240,1
241,1
242,1
243,1
244,0
245,0
246,0
247,0
248,1
249,1
250,1
251,0
252,1
253,0
254,1
255,0
256,0
257,0
258,1
259,0
260,0
261,0
262,0
263,0
264,1
265,0
266,0
267,0
268,0
269,0
270,0
271,0
272,1
273,0
274,1
275,0
276,1
277,1
278,0
279,1
280,1
281,1
282,1
283,1
284,0
285,1
286,0
287,1
288,1
289,1
290,1
291,0
292,1
293,1
294,1
295,1
296,0
297,0
298,1
299,0
300,1
301,1
302,0
303,1
304,1
305,1
306,1
307,1
308,0
309,0
310,1
311,0
312,1
313,0
314,0
315,0
316,0
317,1
318,1
319,0
320,1
321,1
322,0
323,1
324,1
325,0
326,0
327,0
328,0
329,0
330,0
331,0
332,1
333,1
334,0
335,0
336,1
337,1
338,0
339,0
340,0
341,0
342,0
343,1
344,1
345,1
346,0
347,0
348,0
349,1
350,0
351,0
352,1
353,1
354,1
355,1
356,1
357,0
358,1
359,0
360,0
361,1
362,1
363,0
364,0
365,0
366,0
367,0
368,1
369,0
370,1
371,1
372,0
373,1
374,1
375,0
376,1
377,1
378,0
379,0
380,0
381,0
382,0
383,0
384,0
385,1
386,1
387,1
388,0
389,0
390,1
391,0
392,0
393,1
394,1
395,1
396,0
397,1
398,1
399,1
400,0
401,1
402,0
403,1
404,0
405,0
406,0
407,1
408,1
409,0
410,1
411,1
412,0
413,1
414,0
415,0
416,0
417,1
418,0
419,0
420,1
421,1
422,0
423,1
424,0
425,0
426,1
427,0
428,0
429,1
430,0
431,1
432,1
433,1
434,0
435,1
436,1
437,0
438,1
439,0
440,1
441,0
442,1
443,1
444,1
445,0
446,1
447,0
448,1
449,1
450,0
451,0
452,0
453,0
454,1
455,1
456,1
457,1
458,1
459,1
460,0
461,1
462,0
463,1
464,1
465,1
466,1
467,0
468,1
469,0
470,1
471,1
472,0
473,0
474,1
475,1
476,1
477,0
478,0
479,1
480,0
481,0
482,0
483,1
484,0
485,0
486,0
487,1
488,0
489,1
490,0
491,1
492,1
493,1
494,1
495,1
496,1
497,0
498,0
499,1
500,1
501,1
502,1
503,0
504,1
505,0
506,1
507,0
508,1
509,1
510,0
511,0
512,1
513,1
514,1
515,1
516,0
517,1
518,1
519,0
520,1
521,0
522,0
523,0
524,0
525,1
526,1
527,0
528,0
529,0
530,0
531,0
532,0
533,0
534,1
535,1
536,0
537,0
538,1
539,1
540,0
541,1
542,0
543,0
544,0
545,1
546,1
547,1
548,1
549,0
550,1
551,0
552,1
553,1
554,1
555,0
556,0
557,0
558,0
559,0
560,0
561,1
562,1
563,0
564,0
565,1
566,1
567,1
568,0
569,0
570,0
571,1
572,1
573,0
574,1
575,0
576,0
577,1
578,0
579,1
580,0
581,0
582,0
583,1
584,0
585,1
586,0
587,0
588,1
589,0
590,0
591,1
592,1
593,0
594,1
595,0
596,0
597,0
598,0
599,0
600,1
601,0
602,0
603,0
604,1
605,0
606,1
607,0
608,0
609,1
610,0
611,1
612,1
613,0
614,1
615,1
616,0
617,1
618,0
619,0
620,0
621,0
622,0
623,1
624,1
625,1
626,0
627,1
628,1
629,0
630,0
631,1
632,1
633,0
634,1
635,1
636,1
637,1
638,0
639,1
640,0
641,1
642,0
643,0
644,1
645,1
646,1
647,0
648,1
649,1
650,0
651,1
652,0
653,0
654,1
655,1
656,1
657,1
658,1
659,0
660,1
661,0
662,1
663,1
664,0
665,1
666,1
667,1
668,1
669,1
670,0
671,0
672,1
673,1
674,1
675,1
676,1
677,0
678,1
679,0
680,0
681,0
682,1
683,0
684,1
685,0
686,1
687,0
688,0
689,0
690,1
691,0
692,1
693,1
694,0
695,1
696,0
697,0
698,0
699,0
700,1
701,1
702,0
703,1
704,0
705,0
706,1
707,0
708,1
709,0
710,0
711,0
712,1
713,1
714,0
715,0
716,0
717,1
718,1
719,0
720,0
721,1
722,0
723,0
724,0
725,1
726,1
727,1
728,1
729,0
730,1
731,0
732,0
733,1
734,0
735,0
736,0
737,1
738,1
739,1
740,1
741,0
742,0
743,0
744,1
745,1
746,1
747,1
748,0
749,0
750,1
751,0
752,0
753,1
754,0
755,0
756,1
757,0
758,1
759,0
760,1
761,0
762,1
763,0
764,0
765,1
766,0
767,1
768,1
769,0
770,1
771,1
772,1
773,0
774,1
775,1
776,0
777,1
778,1
779,0
780,0
781,1
782,0
783,1
784,1
785,0
786,1
787,0
788,1
789,1
790,1
791,0
792,1
793,0
794,0
795,0
796,0
797,0
798,1
799,1
800,1
801,1
802,1
803,1
804,0
805,0
806,0
807,0
808,1
809,1
810,0
811,1
812,1
813,0
814,0
815,0
816,1
817,1
818,1
819,1
820,0
821,1
822,0
823,1
824,1
825,1
826,0
827,1
828,0
829,1
830,1
831,1
832,1
833,0
834,0
835,0
836,0
837,0
838,1
839,1
840,0
841,0
842,0
843,1
844,0
845,0
846,0
847,0
848,0
849,1
850,0
851,0
852,0
853,1
854,0
855,0
856,0
857,0
858,1
859,0
860,0
861,1
862,0
863,0
864,0
865,0
866,0
867,0
868,1
869,1
870,0
871,0
872,0
873,0
874,0
875,1
876,0
877,1
878,0
879,1
880,0
881,0
882,1
883,0
884,1
885,1
886,1
887,1
888,1
889,1
890,1
891,0
892,1
893,1
894,1
895,0
896,1
897,0
898,0
899,0
900,0
901,0
902,0
903,1
904,1
905,0
906,1
907,1
908,1
909,0
910,1
911,1
912,1
913,0
914,1
915,0
916,0
917,1
918,0
919,0
920,1
921,1
922,1
923,1
924,0
925,0
926,1
927,0
928,0
929,0
930,1
931,0
932,1
933,0
934,1
935,1
936,1
937,1
938,1
939,0
940,1
941,1
942,0
943,0
944,1
945,1
946,0
947,1
948,1
949,0
950,0
951,1
952,1
953,1
954,1
955,1
956,0
957,0
958,0
959,0
960,1
961,0
962,1
963,1
964,1
965,0
966,0
967,1
968,0
969,1
970,1
971,1
972,0
973,0
974,0
975,0
976,1
977,1
978,0
979,1
980,1
981,1
982,1
983,1
984,0
985,0
986,0
987,1
988,1
989,0
990,1
991,0
992,0
993,0
994,1
995,0
996,1
997,1
998,1
999,0
1000,1
1001,1
1002,1
1003,0
1004,0
1005,1
1006,0
1007,1
1008,1
1009,0
1010,1
1011,1
1012,1
1013,1
1014,1
1015,1
1016,1
1017,1
1018,0
1019,1
1020,1
1021,1
1022,1
1023,0
1024,1
1025,0
1026,0
1027,1
1028,1
1029,0
1030,1
1031,0
1032,1
1033,1
1034,1
1035,0
1036,0
1037,1
1038,0
1039,0
1040,0
1041,1
1042,0
1043,1
1044,1
1045,1
1046,0
1047,1
1048,1
1049,0
1050,1
1051,0
1052,0
1053,0
1054,1
1055,1
1056,0
1057,1
1058,1
1059,0
1060,0
1061,0
1062,0
1063,0
1064,1
1065,0
1066,0
1067,0
1068,0
1069,0
1070,1
1071,0
1072,0
1073,0
1074,0
1075,0
1076,1
1077,1
1078,0
1079,1
1080,1
1081,0
1082,0
1083,0
1084,0
1085,1
1086,1
1087,0
1088,0
1089,0
1090,1
1091,1
1092,0
1093,1
1094,0
1095,0
1096,0
1097,0
1098,1
1099,0
1100,1
1101,1
1102,0
1103,0
1104,0
1105,1
1106,1
1107,1
1108,0
1109,1
1110,1
1111,0
1112,0
1113,0
1114,0
1115,1
1116,1
1117,1
1118,1
1119,0
1120,1
1121,1
1122,1
1123,0
1124,0
1125,0
1126,1
1127,0
1128,1
1129,1
1130,0
1131,0
1132,1
1133,0
1134,0
1135,1
1136,0
1137,0
1138,1
1139,0
1140,1
1141,1
1142,0
1143,1
1144,1
1145,0
1146,0
1147,0
1148,1
1149,0
1150,1
1151,1
1152,0
1153,0
1154,1
1155,1
1156,1
1157,0
1158,1
1159,0
1160,0
1161,1
1162,1
1163,1
1164,0
1165,1
1166,1
1167,1
1168,1
1169,0
1170,1
1171,1
1172,0
1173,1
1174,0
1175,0
1176,1
1177,1
1178,0
1179,0
1180,0
1181,1
1182,0
1183,1
1184,1
1185,1
1186,1
1187,1
1188,1
1189,1
1190,1
1191,0
1192,1
1193,1
1194,0
1195,1
1196,1
1197,1
1198,0
1199,1
1200,0
1201,0
1202,1
1203,1
1204,0
1205,0
1206,1
1207,1
1208,1
1209,0
1210,0
1211,1
1212,0
1213,1
1214,0
1215,0
1216,1
1217,1
1218,0
1219,1
1220,1
1221,1
1222,0
1223,0
1224,0
1225,1
1226,0
1227,0
1228,0
1229,1
1230,1
1231,1
1232,0
1233,1
1234,1
1235,1
1236,0
1237,1
1238,0
1239,0
1240,1
1241,0
1242,0
1243,0
1244,1
1245,0
1246,0
1247,0
1248,1
1249,1
1250,0
1251,1
1252,0
1253,0
1254,1
1255,0
1256,0
1257,1
1258,1
1259,1
1260,1
1261,1
1262,0
1263,0
1264,1
1265,1
1266,0
1267,0
1268,1
1269,1
1270,0
1271,0
1272,0
1273,1
1274,0
1275,0
1276,0
1277,1
1278,0
1279,1
1280,0
1281,1
1282,1
1283,0
1284,1
1285,0
1286,0
1287,1
1288,0
1289,1
1290,0
1291,1
1292,1
1293,1
1294,1
1295,0
1296,0
1297,0
1298,0
1299,0
1300,1
1301,1
1302,1
1303,0
1304,0
1305,1
1306,1
1307,1
1308,1
1309,0
1310,1
1311,1
1312,1
1313,0
1314,0
1315,1
1316,1
1317,1
1318,0
1319,1
1320,1
1321,1
1322,1
1323,0
1324,0
1325,0
1326,0
1327,1
1328,1
1329,0
1330,0
1331,1
1332,0
1333,1
1334,0
1335,1
1336,1
1337,0
1338,0
1339,1
1340,0
1341,0
1342,1
1343,1
1344,0
1345,1
1346,0
1347,1
1348,0
1349,1
1350,1
1351,0
1352,1
1353,0
1354,0
1355,0
1356,0
1357,0
1358,0
1359,0
1360,1
1361,0
1362,1
1363,0
1364,0
1365,0
1366,1
1367,1
1368,0
1369,0
1370,0
1371,0
1372,1
1373,0
1374,1
1375,1
1376,0
1377,1
1378,1
1379,0
1380,0
1381,1
1382,0
1383,0
1384,0
1385,1
1386,1
1387,1
1388,0
1389,0
1390,1
1391,0
1392,1
1393,0
1394,0
1395,1
1396,1
1397,0
1398,1
1399,1
1400,1
1401,1
1402,0
1403,1
1404,1
1405,1
1406,0
1407,0
1408,0
1409,1
1410,0
1411,0
1412,0
1413,0
1414,1
1415,0
1416,1
1417,1
1418,1
1419,1
1420,1
1421,0
1422,0
1423,1
1424,0
1425,0
1426,0
1427,1
1428,1
1429,0
1430,0
1431,0
1432,1
1433,0
1434,1
1435,1
1436,1
1437,1
1438,1
1439,0
1440,0
1441,1
1442,1
1443,0
1444,0
1445,1
1446,0
1447,1
1448,1
1449,0
1450,1
1451,1
1452,0
1453,0
1454,1
1455,0
1456,0
1457,1
1458,0
1459,1
1460,0
1461,1
1462,0
1463,0
1464,0
1465,1
1466,0
1467,1
1468,1
1469,0
1470,1
1471,0
1472,1
1473,1
1474,1
1475,0
1476,1
1477,1
1478,1
1479,0
1480,0
1481,0
1482,0
1483,0
1484,0
1485,0
1486,0
1487,0
1488,1
1489,0
1490,1
1491,1
1492,1
1493,1
1494,0
1495,0
1496,1
1497,0
1498,1
1499,1
1500,1
1501,1
1502,0
1503,1
1504,1
1505,0
1506,1
1507,1
1508,1
1509,0
1510,1
1511,1
1512,0
1513,0
1514,0
1515,0
1516,1
1517,0
1518,1
1519,0
1520,1
1521,0
1522,0
1523,1
1524,1
1525,1
1526,1
1527,1
1528,1
1529,1
1530,1
1531,0
1532,1
1533,0
1534,1
1535,0
1536,0
1537,0
1538,1
1539,1
1540,0
1541,0
1542,0
1543,1
1544,1
1545,0
1546,0
1547,0
1548,1
1549,0
1550,0
1551,0
1552,0
1553,1
1554,0
1555,1
1556,0
1557,1
1558,1
1559,1
1560,0
1561,1
1562,1
1563,1
1564,1
1565,1
1566,0
1567,1
1568,0
1569,1
1570,0
1571,1
1572,0
1573,1
1574,0
1575,0
1576,1
1577,1
1578,0
1579,0
1580,1
1581,0
1582,0
1583,0
1584,1
1585,0
1586,0
1587,1
1588,0
1589,0
1590,0
1591,0
1592,1
1593,0
1594,1
1595,0
1596,0
1597,1
1598,0
1599,0
1600,1
1601,0
1602,1
1603,1
1604,1
1605,1
1606,1
1607,0
1608,1
1609,1
1610,0
1611,1
1612,0
1613,0
1614,0
1615,0
1616,1
1617,0
1618,0
1619,0
1620,0
1621,1
1622,0
1623,1
1624,0
1625,1
1626,0
1627,1
1628,0
1629,0
1630,0
1631,0
1632,1
1633,0
1634,0
1635,0
1636,1
1637,1
1638,0
1639,0
1640,1
1641,0
1642,1
1643,1
1644,1
1645,1
1646,0
1647,1
1648,0
1649,1
1650,1
1651,0
1652,1
1653,0
1654,0
1655,1
1656,1
1657,0
1658,1
1659,1
1660,0
1661,0
1662,1
1663,1
1664,1
1665,0
1666,1
1667,0
1668,0
1669,0
1670,1
1671,1
1672,0
1673,0
1674,0
1675,0
1676,1
1677,1
1678,1
1679,0
1680,1
1681,0
1682,0
1683,0
1684,0
1685,1
1686,0
1687,0
1688,0
1689,0
1690,0
1691,1
1692,0
1693,0
1694,1
1695,1
1696,1
1697,0
1698,1
1699,1
1700,0
1701,1
1702,1
1703,1
1704,1
1705,0
1706,0
1707,1
1708,0
1709,0
1710,0
1711,1
1712,1
1713,1
1714,0
1715,1
1716,1
1717,1
1718,1
1719,1
1720,0
1721,0
1722,0
1723,1
1724,0
1725,1
1726,1
1727,0
1728,1
1729,1
1730,0
1731,0
1732,0
1733,0
1734,1
1735,1
1736,0
1737,1
1738,1
1739,0
1740,0
1741,1
1742,1
1743,0
1744,0
1745,1
1746,1
1747,1
1748,0
1749,0
1750,0
1751,0
1752,0
1753,0
1754,1
1755,0
1756,1
1757,1
1758,1
1759,1
1760,0
1761,0
1762,1
1763,1
1764,0
1765,0
1766,0
1767,0
1768,1
1769,0
1770,1
1771,0
1772,0
1773,0
1774,1
1775,0
1776,0
1777,1
1778,1
1779,0
1780,0
1781,1
1782,0
1783,0
1784,0
1785,0
1786,1
1787,0
1788,0
1789,1
1790,1
1791,1
1792,1
1793,0
1794,0
1795,1
1796,1
1797,1
1798,0
1799,1
1800,0
1801,0
1802,1
1803,0
1804,0
1805,1
1806,1
1807,1
1808,0
1809,0
1810,1
1811,1
1812,0
1813,0
1814,0
1815,0
1816,0
1817,0
1818,0
1819,0
1820,1
1821,0
1822,1
1823,0
1824,1
1825,0
1826,0
1827,1
1828,0
1829,0
1830,0
1831,0
1832,0
1833,0
1834,1
1835,1
1836,0
1837,1
1838,1
1839,1
1840,0
1841,0
1842,0
1843,0
1844,0
1845,0
1846,1
1847,1
1848,0
1849,0
1850,1
1851,0
1852,0
1853,1
1854,0
1855,1
1856,1
1857,1
1858,0
1859,0
1860,0
1861,1
1862,0
1863,1
1864,1
1865,1
1866,0
1867,0
1868,1
1869,0
1870,1
1871,1
1872,0
1873,0
1874,0
1875,1
1876,0
1877,1
1878,1
1879,1
1880,0
1881,1
1882,0
1883,1
1884,1
1885,1
1886,0
1887,0
1888,1
1889,1
1890,0
1891,0
1892,1
1893,1
1894,1
1895,0
1896,1
1897,1
1898,1
1899,0
1900,0
1901,1
1902,0
1903,1
1904,1
1905,1
1906,0
1907,1
1908,0
1909,0
1910,0
1911,0
1912,1
1913,0
1914,0
1915,0
1916,1
1917,1
1918,0
1919,1
1920,1
1921,0
1922,0
1923,0
1924,0
1925,0
1926,0
1927,1
1928,1
1929,0
1930,1
1931,1
1932,0
1933,1
1934,0
1935,0
1936,0
1937,0
1938,0
1939,0
1940,0
1941,1
1942,1
1943,1
1944,1
1945,0
1946,1
1947,1
1948,1
1949,0
1950,1
1951,1
1952,1
1953,1
1954,0
1955,1
1956,0
1957,0
1958,0
1959,0
1960,1
1961,0
1962,1
1963,0
1964,1
1965,0
1966,0
1967,1
1968,0
1969,0
1970,1
1971,0
1972,0
1973,1
1974,1
1975,0
1976,0
1977,0
1978,0
1979,1
1980,0
1981,0
1982,1
1983,1
1984,1
1985,1
1986,0
1987,1
1988,0
1989,1
1990,0
1991,1
1992,1
1993,0
1994,0
1995,0
1996,0
1997,0
1998,0
1999,0
2000,0
2001,0
2002,1
2003,1
2004,1
2005,1
2006,1
2007,1
2008,1
2009,0
2010,0
2011,1
2012,1
2013,1
2014,1
2015,1
2016,0
2017,1
2018,1
2019,1
2020,1
2021,0
2022,1
2023,1
2024,1
2025,1
2026,0
2027,1
2028,1
2029,1
2030,1
2031,1
2032,0
2033,1
2034,1
2035,0
2036,0
2037,0
2038,0
2039,0
2040,0
2041,0
2042,0
2043,1
2044,0
2045,0
2046,0
2047,1
2048,0
2049,1
2050,1
2051,1
2052,0
2053,1
2054,0
2055,1
2056,1
2057,1
2058,1
2059,0
2060,1
2061,0
2062,1
2063,1
2064,1
2065,0
2066,1
2067,1
2068,0
2069,0
2070,1
2071,0
2072,0
2073,0
2074,0
2075,1
2076,1
2077,1
2078,1
2079,1
2080,0
2081,1
2082,0
2083,1
2084,0
2085,1
2086,1
2087,1
2088,0
2089,0
2090,1
2091,1
2092,1
2093,1
2094,1
2095,0
2096,0
2097,0
2098,0
2099,1
2100,0
2101,1
2102,0
2103,1
2104,1
2105,1
2106,1
2107,0
2108,0
2109,1
2110,0
2111,1
2112,1
2113,1
2114,0
2115,0
2116,0
2117,0
2118,1
2119,0
2120,0
2121,1
2122,1
2123,0
2124,0
2125,1
2126,1
2127,1
2128,0
2129,1
2130,0
2131,0
2132,1
2133,1
2134,0
2135,0
2136,0
2137,1
2138,1
2139,1
2140,0
2141,1
2142,0
2143,0
2144,1
2145,0
2146,1
2147,1
2148,1
2149,0
2150,0
2151,1
2152,0
2153,0
2154,1
2155,0
2156,0
2157,0
2158,1
2159,0
2160,0
2161,0
2162,0
2163,1
2164,1
2165,0
2166,1
2167,0
2168,0
2169,1
2170,1
2171,1
2172,1
2173,1
2174,1
2175,0
2176,1
2177,0
2178,0
2179,0
2180,0
2181,1
2182,0
2183,1
2184,0
2185,0
2186,1
2187,1
2188,1
2189,0
2190,1
2191,1
2192,1
2193,0
2194,1
2195,0
2196,0
2197,1
2198,0
2199,1
2200,1
2201,1
2202,1
2203,1
2204,0
2205,1
2206,1
2207,1
2208,1
2209,1
2210,0
2211,0
2212,1
2213,0
2214,1
2215,1
2216,1
2217,0
2218,1
2219,0
2220,0
2221,1
2222,1
2223,1
2224,1
2225,0
2226,1
2227,1
2228,1
2229,1
2230,0
2231,0
2232,1
2233,1
2234,0
2235,1
2236,0
2237,0
2238,0
2239,0
2240,1
2241,1
2242,0
2243,1
2244,0
2245,1
2246,0
2247,0
2248,0
2249,1
2250,1
2251,1
2252,0
2253,1
2254,0
2255,1
2256,1
2257,0
2258,1
2259,1
2260,0
2261,1
2262,0
2263,0
2264,0
2265,1
2266,0
2267,1
2268,0
2269,1
2270,0
2271,1
2272,0
2273,0
2274,1
2275,0
2276,0
2277,1
2278,0
2279,1
2280,1
2281,1
2282,1
2283,1
2284,0
2285,1
2286,1
2287,1
2288,1
2289,1
2290,1
2291,0
2292,1
2293,0
2294,0
2295,0
2296,1
2297,1
2298,1
2299,1
2300,0
2301,0
2302,0
2303,1
2304,1
2305,1
2306,1
2307,1
2308,1
2309,0
2310,1
2311,0
2312,1
2313,1
2314,1
2315,0
2316,1
2317,0
2318,0
2319,0
2320,1
2321,0
2322,1
2323,0
2324,1
2325,1
2326,1
2327,1
2328,1
2329,0
2330,0
2331,0
2332,1
2333,0
2334,1
2335,0
2336,1
2337,0
2338,0
2339,0
2340,1
2341,1
2342,1
2343,1
2344,0
2345,1
2346,0
2347,0
2348,0
2349,0
2350,0
2351,1
2352,1
2353,0
2354,0
2355,0
2356,1
2357,1
2358,0
2359,0
2360,1
2361,1
2362,1
2363,0
2364,0
2365,0
2366,1
2367,0
2368,0
2369,1
2370,1
2371,0
2372,0
2373,1
2374,1
2375,1
2376,1
2377,0
2378,1
2379,0
2380,1
2381,1
2382,1
2383,1
2384,1
2385,0
2386,0
2387,1
2388,1
2389,0
2390,0
2391,0
2392,1
2393,1
2394,0
2395,0
2396,1
2397,0
2398,0
2399,1
2400,1
2401,1
2402,1
2403,1
2404,0
2405,0
2406,1
2407,1
2408,1
2409,1
2410,1
2411,1
2412,0
2413,0
2414,1
2415,1
2416,0
2417,1
2418,1
2419,1
2420,0
2421,0
2422,0
2423,0
2424,1
2425,0
2426,0
2427,1
2428,1
2429,0
2430,1
2431,0
2432,1
2433,0
2434,0
2435,0
2436,0
2437,1
2438,0
2439,1
2440,1
2441,0
2442,0
2443,1
2444,1
2445,0
2446,0
2447,0
2448,0
2449,1
2450,1
2451,1
2452,1
2453,1
2454,1
2455,1
2456,1
2457,0
2458,0
2459,0
2460,0
2461,1
2462,1
2463,0
2464,1
2465,1
2466,0
2467,1
2468,0
2469,0
2470,1
2471,0
2472,0
2473,1
2474,1
2475,1
2476,1
2477,1
2478,1
2479,1
2480,0
2481,1
2482,0
2483,0
2484,1
2485,0
2486,0
2487,0
2488,1
2489,0
2490,1
2491,1
2492,1
2493,1
2494,0
2495,0
2496,1
2497,1
2498,0
2499,0
2500,0
2501,0
2502,0
2503,0
2504,0
2505,1
2506,0
2507,1
2508,1
2509,0
2510,0
2511,0
2512,0
2513,1
2514,1
2515,0
2516,0
2517,1
2518,1
2519,1
2520,1
2521,0
2522,0
2523,0
2524,0
2525,1
2526,1
2527,1
2528,1
2529,1
2530,0
2531,1
2532,0
2533,1
2534,0
2535,0
2536,1
2537,0
2538,0
2539,1
2540,1
2541,1
2542,1
2543,0
2544,1
2545,1
2546,1
2547,1
2548,1
2549,1
2550,1
2551,0
2552,1
2553,1
2554,1
2555,1
2556,1
2557,1
2558,0
2559,1
2560,0
2561,0
2562,1
2563,0
2564,1
2565,0
2566,0
2567,1
2568,0
2569,1
2570,0
2571,1
2572,1
2573,1
2574,0
2575,0
2576,0
2577,1
2578,0
2579,1
2580,0
2581,1
2582,0
2583,0
2584,1
2585,0
2586,0
2587,0
2588,0
2589,0
2590,0
2591,0
2592,1
2593,0
2594,1
2595,0
2596,1
2597,0
2598,1
2599,1
2600,0
2601,0
2602,0
2603,0
2604,1
2605,1
2606,0
2607,1
2608,0
2609,0
2610,1
2611,0
2612,0
2613,1
2614,1
2615,1
2616,0
2617,1
2618,0
2619,0
2620,0
2621,1
2622,1
2623,1
2624,1
2625,0
2626,0
2627,0
2628,1
2629,1
2630,1
2631,0
2632,0
2633,1
2634,1
2635,1
2636,1
2637,0
2638,1
2639,1
2640,0
2641,0
2642,1
2643,0
2644,0
2645,1
2646,1
2647,0
2648,0
2649,1
2650,1
2651,0
2652,0
2653,1
2654,1
2655,1
2656,0
2657,0
2658,1
2659,0
2660,0
2661,0
2662,0
2663,1
2664,1
2665,1
2666,0
2667,0
2668,0
2669,0
2670,1
2671,1
2672,1
2673,1
2674,1
2675,1
2676,1
2677,0
2678,0
2679,0
2680,0
2681,0
2682,1
2683,0
2684,1
2685,0
2686,1
2687,1
2688,0
2689,0
2690,0
2691,0
2692,1
2693,1
2694,1
2695,0
2696,1
2697,0
2698,1
2699,1
2700,0
2701,1
2702,1
2703,0
2704,1
2705,1
2706,1
2707,1
2708,0
2709,0
2710,1
2711,0
2712,1
2713,0
2714,0
2715,0
2716,0
2717,1
2718,0
2719,0
2720,1
2721,1
2722,0
2723,1
2724,0
2725,0
2726,0
2727,0
2728,1
2729,1
2730,1
2731,1
2732,0
2733,1
2734,0
2735,1
2736,1
2737,1
2738,1
2739,1
2740,1
2741,0
2742,1
2743,0
2744,0
2745,1
2746,0
2747,0
2748,0
2749,1
2750,1
2751,0
2752,0
2753,0
2754,1
2755,1
2756,1
2757,0
2758,1
2759,1
2760,0
2761,1
2762,1
2763,0
2764,1
2765,0
2766,0
2767,0
2768,0
2769,1
2770,1
2771,1
2772,1
2773,1
2774,1
2775,0
2776,0
2777,0
2778,1
2779,0
2780,0
2781,0
2782,0
2783,0
2784,0
2785,0
2786,1
2787,1
2788,0
2789,0
2790,1
2791,0
2792,0
2793,1
2794,1
2795,1
2796,1
2797,1
2798,1
2799,0
2800,1
2801,1
2802,1
2803,1
2804,1
2805,0
2806,1
2807,0
2808,1
2809,1
2810,0
2811,0
2812,0
2813,0
2814,0
2815,0
2816,0
2817,0
2818,1
2819,1
2820,1
2821,0
2822,1
2823,0
2824,1
2825,0
2826,1
2827,0
2828,1
2829,0
2830,1
2831,0
2832,1
2833,1
2834,1
2835,1
2836,1
2837,0
2838,1
2839,0
2840,1
2841,0
2842,1
2843,1
2844,1
2845,1
2846,0
2847,0
2848,1
2849,1
2850,0
2851,1
2852,0
2853,0
2854,1
2855,1
2856,1
2857,0
2858,1
2859,0
2860,1
2861,0
2862,0
2863,0
2864,1
2865,1
2866,1
2867,1
2868,0
2869,0
2870,1
2871,0
2872,0
2873,0
2874,1
2875,1
2876,1
2877,0
2878,1
2879,1
2880,1
2881,1
2882,1
2883,0
2884,0
2885,1
2886,0
2887,0
2888,0
2889,0
2890,0
2891,0
2892,0
2893,1
2894,1
2895,1
2896,0
2897,0
2898,1
2899,1
2900,0
2901,0
2902,1
2903,1
2904,1
2905,1
2906,0
2907,0
2908,1
2909,0
2910,1
2911,0
2912,1
2913,1
2914,0
2915,0
2916,1
2917,1
2918,1
2919,1
2920,1
2921,1
2922,1
2923,1
2924,0
2925,1
2926,0
2927,1
2928,0
2929,0
2930,0
2931,1
2932,1
2933,0
2934,1
2935,1
2936,1
2937,0
2938,0
2939,0
2940,0
2941,1
2942,1
2943,1
2944,1
2945,0
2946,1
2947,1
2948,1
2949,0
2950,1
2951,1
2952,1
2953,1
2954,0
2955,1
2956,1
2957,1
2958,0
2959,1
2960,1
2961,1
2962,1
2963,0
2964,0
2965,0
2966,1
2967,1
2968,0
2969,0
2970,0
2971,1
2972,0
2973,1
2974,1
2975,1
2976,1
2977,1
2978,0
2979,0
2980,1
2981,0
2982,0
2983,1
2984,1
2985,1
2986,1
2987,1
2988,0
2989,1
2990,0
2991,0
2992,0
2993,0
2994,1
2995,0
2996,0
2997,0
2998,0
2999,1
